platform,mean_ms,std_ms,p95_ms,max_ms
Unity,0.01056051858269758,10.433068388288229,15.388250350952148,109.84587669372559
Gazebo,0.006273760609928059,9.807269113512096,15.265965461730955,18.14746856689453
